{
  "project_info": {
    "project_number": "118315372513",
    "project_id": "project-7ba93",
    "storage_bucket": "project-7ba93.appspot.com"
  },
  "client": [
    {
      "client_info": {
        "mobilesdk_app_id": "1:118315372513:android:7eed6faca9cf6a008a8ca0",
        "android_client_info": {
          "package_name": "com.example.project"
        }
      },
      "oauth_client": [
        {
          "client_id": "118315372513-97dd1f3rgm7mb49afha7vpfegmg5o33d.apps.googleusercontent.com",
          "client_type": 3
        }
      ],
      "api_key": [
        {
          "current_key": "AIzaSyDxoJXenMDE1M4GhaWIU1w81cDV1YDKm6M"
        }
      ],
      "services": {
        "appinvite_service": {
          "other_platform_oauth_client": [
            {
              "client_id": "118315372513-97dd1f3rgm7mb49afha7vpfegmg5o33d.apps.googleusercontent.com",
              "client_type": 3
            }
          ]
        }
      }
    }
  ],
  "configuration_version": "1"
}